"bigdata", 5
"sql", 23
"hbase", 5
"cassandra", 4
"mongodb", 11
"c#", 31
"asp.net", 12
"sql-server", 6
".net", 12
"php", 25
"django", 12
"jquery", 34
"python", 38
"sqlalchemy", 2
"backbone.js", 15
"java", 53
"javascript", 91
"e-commerce", 2
"user-interface", 2
"java-ee", 2
"algorithm", 3
"malware", 2
"artificial-intelligence", 2
"cyber", 2
"qt", 2
"c++", 17
"continuous-integration", 3
"node.js", 11
"linux", 22
"bitcoin", 4
"android", 15
"machine-learning", 4
"mobile", 10
"ruby", 13
"mvc", 4
"oop", 6
"angularjs", 14
"twitter-bootstrap", 4
"rest", 11
"json", 4
"spring", 5
"j2ee", 3
"cloud", 4
"lead", 2
"html5", 26
"css", 38
"requirejs", 3
"architecture", 5
"restful-architecture", 2
"cluster-analysis", 2
"laravel", 3
"symphony", 3
"codeigniter", 2
"rubyjavascript", 2
"mysql", 18
"see", 2
"job", 2
"description", 2
"ruby-on-rails", 25
"postgresql", 11
"html", 30
"systems-programming", 2
"api", 7
"tpm", 2
"jvm", 3
"nosql", 5
"hadoop", 5
"redis", 3
"elasticsearch", 4
"qa", 4
"selenium", 3
"postgis", 1
"search", 1
"geocoding", 1
"full-text-search", 1
"objective-c", 11
"iphone", 3
"ios", 12
"cfnetwork", 1
"core-animation", 2
"web-services", 6
"security", 7
"performance", 5
"saas", 2
"y-combinator", 1
"ruby-on-rails-4", 1
"ubuntu", 3
"amazon-ec2", 1
"web-applications", 3
"celery", 1
"sh", 1
"networking", 4
"amazon-web-services", 6
"dojo", 1
"css3", 10
"program", 1
"management", 1
"software-engineering", 1
"open-source", 1
"nginx", 2
"mercurial", 1
"unix", 4
"linq", 2
"go", 1
"jpa", 2
"relational-database", 1
"ajax", 7
"c", 11
"pig", 1
"elastic-map-reduce", 1
"scala", 4
"data-structures", 1
"sdlc", 1
"distributed-computing", 1
"phantomjs", 1
"phpunit", 1
"visualization", 1
"vb.net", 1
"phonegap", 1
"tcp-ip", 1
"nagios", 1
"munin", 1
"cacti", 1
"xhtml", 2
"agile", 6
"database", 2
"xml", 3
"angular.js", 2
"responsive-design", 6
"multithreading", 2
"perl", 3
"entity-framework", 1
"frontend", 2
"mapreduce", 1
"hdfs", 1
"uikit", 1
"ios-sdk", 1
"devops", 1
"automation", 3
"monitoring", 1
"sysadmin", 9
"chef", 3
"puppet", 2
"coffeescript", 5
"wpf", 2
"wcf", 1
"eclipse", 2
"magento", 1
"react", 1
"database-design", 1
"sass", 3
"actionscript", 1
"weblogic", 1
"tomcat", 2
"pki", 1
"user-experience", 1
"moodle", 1
"bash", 3
"oracle", 1
"ember.js", 2
"ember-data", 1
"cucumber", 2
"capybara", 2
"backbone.marionette", 1
"scss", 1
"windows", 3
"apache", 3
"backup-strategies", 1
"firewall", 2
"intrusion-detection", 1
"ipad", 2
"ios7", 1
"lamp", 2
"bootstrap", 1
"handlebars", 1
"highcharts", 1
"soa", 2
"hibernate", 1
"integration", 2
"photoshop", 3
"extreme-programming", 2
"asp.net-mvc", 3
"voice", 1
"voice-recognition", 1
"vxml", 1
"human-computer-interface", 1
"zeromq", 1
"protocol-buffers", 1
"jira", 7
"confluence", 2
"google-apps", 2
"bitbucket", 2
"android-wear", 1
"google-glass", 1
"backbone", 1
"aws", 1
"splunk", 1
"haproxy", 1
"drupal", 5
"drush", 1
"jsp", 1
"js", 1
"frameworks", 1
"rdbms", 1
"ms-sql-server", 1
"etl", 1
"ssis", 1
"tsql", 1
"clojure", 1
"web", 1
"playframework", 1
"postgres", 1
"scalability", 1
"asp-classic", 1
"unity3d", 1
"unity", 2
"cross-browser", 1
"jquery-mobile", 1
"vmware", 1
"virtualization", 1
"esri-javascript-api", 1
"webserver", 1
"amd", 1
"tdd", 5
"rabbitmq", 1
"http", 1
"scripting", 1
"scrapy", 1
"nlp", 1
"web-crawler", 1
"jquery-ui", 1
"jquery-ajax", 1
"performance-testing", 1
"profiling", 1
"query-optimization", 1
"internationalization", 1
"localization", 1
"cms", 2
"symphony21", 1
"github", 3
"postresql", 1
"compass-sass", 1
"frontned", 1
"ui", 1
"azure", 1
"grails", 1
"amazon", 1
"prism", 1
"mvvm", 1
"cryptography", 2
"realstudio", 1
"datasourcecontrol", 1
"simulation", 1
"junit", 2
"git", 2
"symfony2", 1
"cocoa", 1
"osx", 1
"bitcoind", 1
"maven", 1
"statistics", 2
"bayesian", 1
"pandas", 1
"classification", 1
"debian", 1
"kanban", 1
"lanwan", 1
"net", 1
"model-view-controller", 1
"javascipt", 1
"algorithms", 1
"databases", 1
"data-cleansing", 1
"web-development", 1
"xcode", 1
"ec2", 1
"openstack", 1
"tcp", 1
"javascript-library", 1
"javascript-framework", 1
